{
    "tt_content": {
        "elements": {
            "footer": {
                "label": "Footer",
                "key": "footer",
                "shortLabel": "Footer",
                "description": "Renders the footer section",
                "icon": "fa-caret-square-o-down",
                "color": "#000000",
                "columns": [
                    "header",
                    "tx_mask_facebooklink",
                    "tx_mask_instagramlink",
                    "tx_mask_simplelinks"
                ],
                "labels": [
                    "",
                    "Facebook Link",
                    "Instagram Link",
                    "Footer Links"
                ]
            },
            "homegallery": {
                "label": "Enter the gallery and subscribe",
                "key": "homegallery",
                "shortLabel": "Enter Gallery",
                "description": "Renders the enter gallery and subscribe section",
                "icon": "fa-pencil-square-o",
                "color": "#000000",
                "columns": [
                    "header",
                    "table_caption",
                    "header_link",
                    "tx_mask_backgroun"
                ],
                "labels": [
                    "",
                    "Buton Title",
                    "Button Link",
                    "Background"
                ]
            },
            "slidegallery": {
                "label": "Home Gallery",
                "key": "slidegallery",
                "shortLabel": "Home Gallery",
                "description": "Renders the home gallery section",
                "icon": "fa-file-image-o",
                "color": "#000000",
                "columns": [
                    "header",
                    "subheader",
                    "tx_mask_backgroun",
                    "tx_mask_imageslider"
                ],
                "labels": [
                    "",
                    "",
                    "",
                    "Images"
                ]
            },
            "aboutsection": {
                "label": "About Section",
                "key": "aboutsection",
                "shortLabel": "About Section",
                "description": "Renders the about section",
                "icon": "fa-odnoklassniki",
                "color": "#000000",
                "columns": [
                    "header",
                    "tx_mask_backgroun",
                    "tx_mask_richtext",
                    "tx_mask_imageslider"
                ],
                "labels": [
                    "",
                    "",
                    "Description",
                    "Signature"
                ],
                "options": {
                    "2": "rte"
                }
            },
            "contactsection": {
                "label": "Contact Section",
                "key": "contactsection",
                "shortLabel": "Contact",
                "description": "Renders the contact section",
                "icon": "fa-map-signs",
                "color": "#000000",
                "columns": [
                    "header",
                    "tx_mask_richtext",
                    "tx_mask_backgroun"
                ],
                "labels": [
                    "",
                    "",
                    ""
                ],
                "options": {
                    "1": "rte"
                }
            },
            "chooseview": {
                "label": "Choose your view",
                "key": "chooseview",
                "shortLabel": "Choose your view",
                "description": "Renders the choose your view section",
                "icon": "fa-search",
                "color": "#000000",
                "columns": [
                    "header",
                    "subheader"
                ],
                "labels": [
                    "",
                    ""
                ]
            }
        },
        "sql": {
            "tx_mask_facebooklink": {
                "tt_content": {
                    "tx_mask_facebooklink": "tinytext"
                }
            },
            "tx_mask_instagramlink": {
                "tt_content": {
                    "tx_mask_instagramlink": "tinytext"
                }
            },
            "tx_mask_simplelinks": {
                "tt_content": {
                    "tx_mask_simplelinks": "int(11) unsigned DEFAULT '0' NOT NULL"
                }
            },
            "tx_mask_backgroun": {
                "tt_content": {
                    "tx_mask_backgroun": "int(11) unsigned DEFAULT '0' NOT NULL"
                }
            },
            "tx_mask_imageslider": {
                "tt_content": {
                    "tx_mask_imageslider": "int(11) unsigned DEFAULT '0' NOT NULL"
                }
            },
            "tx_mask_richtext": {
                "tt_content": {
                    "tx_mask_richtext": "text"
                }
            }
        },
        "tca": {
            "tx_mask_facebooklink": {
                "config": {
                    "type": "input",
                    "wizards": {
                        "_PADDING": "2",
                        "link": {
                            "type": "popup",
                            "title": "Link",
                            "icon": "link_popup.gif",
                            "module": {
                                "name": "wizard_element_browser",
                                "urlParameters": {
                                    "mode": "wizard"
                                }
                            },
                            "JSopenParams": "height=300,width=500,status=0,menubar=0,scrollbars=1",
                            "params": {
                                "blindLinkOptions": "file,mail,page"
                            }
                        }
                    },
                    "eval": "",
                    "default": ""
                },
                "exclude": "1",
                "key": "facebooklink"
            },
            "tx_mask_instagramlink": {
                "config": {
                    "type": "input",
                    "wizards": {
                        "_PADDING": "2",
                        "link": {
                            "type": "popup",
                            "title": "Link",
                            "icon": "link_popup.gif",
                            "module": {
                                "name": "wizard_element_browser",
                                "urlParameters": {
                                    "mode": "wizard"
                                }
                            },
                            "JSopenParams": "height=300,width=500,status=0,menubar=0,scrollbars=1",
                            "params": {
                                "blindLinkOptions": "file,mail,page,folder"
                            }
                        }
                    },
                    "eval": "",
                    "default": ""
                },
                "exclude": "1",
                "key": "instagramlink"
            },
            "tx_mask_simplelinks": {
                "config": {
                    "type": "inline",
                    "foreign_table": "--inlinetable--",
                    "foreign_field": "parentid",
                    "foreign_table_field": "parenttable",
                    "foreign_sortby": "sorting",
                    "appearance": {
                        "collapseAll": "1",
                        "levelLinksPosition": "top",
                        "showSynchronizationLink": "1",
                        "showPossibleLocalizationRecords": "1",
                        "showAllLocalizationLink": "1",
                        "useSortable": "1",
                        "enabledControls": {
                            "dragdrop": "1"
                        }
                    },
                    "minitems": "1",
                    "maxitems": ""
                },
                "exclude": "1",
                "key": "simplelinks"
            },
            "tx_mask_backgroun": {
                "exclude": "1",
                "options": "file",
                "config": {
                    "minitems": "1",
                    "maxitems": ""
                },
                "key": "backgroun"
            },
            "tx_mask_imageslider": {
                "exclude": "1",
                "options": "file",
                "config": {
                    "minitems": "1",
                    "maxitems": ""
                },
                "key": "imageslider"
            },
            "tx_mask_richtext": {
                "config": {
                    "type": "text",
                    "eval": "",
                    "cols": "",
                    "rows": "",
                    "default": ""
                },
                "exclude": "1",
                "defaultExtras": "richtext[]:rte_transform[mode=ts]",
                "key": "richtext"
            }
        }
    },
    "pages": {
        "elements": {
            "1": {
                "label": "Page with slider",
                "key": "1",
                "shortLabel": "dummy shortitle",
                "description": "dummy description",
                "columns": [
                    "tx_mask_slider"
                ],
                "labels": [
                    "Slide"
                ]
            }
        },
        "sql": {
            "tx_mask_slider": {
                "pages": {
                    "tx_mask_slider": "int(11) unsigned DEFAULT '0' NOT NULL"
                }
            }
        },
        "tca": {
            "tx_mask_slider": {
                "config": {
                    "type": "inline",
                    "foreign_table": "--inlinetable--",
                    "foreign_field": "parentid",
                    "foreign_table_field": "parenttable",
                    "foreign_sortby": "sorting",
                    "appearance": {
                        "collapseAll": "1",
                        "levelLinksPosition": "top",
                        "showSynchronizationLink": "1",
                        "showPossibleLocalizationRecords": "1",
                        "showAllLocalizationLink": "1",
                        "useSortable": "1",
                        "enabledControls": {
                            "dragdrop": "1"
                        }
                    },
                    "minitems": "0",
                    "maxitems": ""
                },
                "exclude": "1",
                "key": "slider"
            }
        }
    },
    "sys_file_reference": {
        "sql": {
            "tx_mask_image": {
                "sys_file_reference": {
                    "tx_mask_image": "int(11) unsigned DEFAULT '0' NOT NULL"
                }
            },
            "tx_mask_backgroun": {
                "sys_file_reference": {
                    "tx_mask_backgroun": "int(11) unsigned DEFAULT '0' NOT NULL"
                }
            },
            "tx_mask_imageslider": {
                "sys_file_reference": {
                    "tx_mask_imageslider": "int(11) unsigned DEFAULT '0' NOT NULL"
                }
            }
        }
    },
    "tx_mask_slider": {
        "sql": {
            "tx_mask_caption": {
                "tx_mask_slider": {
                    "tx_mask_caption": "tinytext"
                }
            },
            "tx_mask_image": {
                "tx_mask_slider": {
                    "tx_mask_image": "int(11) unsigned DEFAULT '0' NOT NULL"
                }
            }
        },
        "tca": {
            "tx_mask_caption": {
                "config": {
                    "type": "input",
                    "eval": "",
                    "size": "",
                    "max": "",
                    "default": ""
                },
                "exclude": "1",
                "inlineParent": "tx_mask_slider",
                "label": "Caption",
                "key": "caption"
            },
            "tx_mask_image": {
                "exclude": "1",
                "options": "file",
                "config": {
                    "minitems": "1",
                    "maxitems": "1"
                },
                "inlineParent": "tx_mask_slider",
                "label": "Image",
                "key": "image"
            }
        }
    },
    "tx_mask_simplelinks": {
        "sql": {
            "tx_mask_linklabel": {
                "tx_mask_simplelinks": {
                    "tx_mask_linklabel": "tinytext"
                }
            },
            "tx_mask_footerlink": {
                "tx_mask_simplelinks": {
                    "tx_mask_footerlink": "tinytext"
                }
            }
        },
        "tca": {
            "tx_mask_linklabel": {
                "config": {
                    "type": "input",
                    "eval": "",
                    "size": "",
                    "max": "",
                    "default": ""
                },
                "exclude": "1",
                "inlineParent": "tx_mask_simplelinks",
                "label": "Link Label",
                "key": "linklabel"
            },
            "tx_mask_footerlink": {
                "config": {
                    "type": "input",
                    "wizards": {
                        "_PADDING": "2",
                        "link": {
                            "type": "popup",
                            "title": "Link",
                            "icon": "link_popup.gif",
                            "module": {
                                "name": "wizard_element_browser",
                                "urlParameters": {
                                    "mode": "wizard"
                                }
                            },
                            "JSopenParams": "height=300,width=500,status=0,menubar=0,scrollbars=1",
                            "params": {
                                "blindLinkOptions": "file,mail,folder"
                            }
                        }
                    },
                    "eval": "",
                    "default": ""
                },
                "exclude": "1",
                "inlineParent": "tx_mask_simplelinks",
                "label": "Link",
                "key": "footerlink"
            }
        }
    }
}